{"raw_tags": "appliance. cabinet. closet. dish washer. exhaust hood. fridge. gas stove. home appliance. kitchen. oven. stove. white", "tags": "cabinet. closet. fridge", "mask": [{"value": 0, "label": "background"}, {"value": 1, "labels": {"fridge": 0.721588671207428}, "box": [235.81309509277344, 76.10536193847656, 614.2332153320312, 477.715576171875]}, {"value": 2, "labels": {"cabinet": 0.5163282752037048, "closet": 0.26595285534858704}, "box": [212.14707946777344, 3.425016403198242, 494.14996337890625, 47.50732421875]}]}