{"raw_tags": "carpet. chair. corner. table. dinning table. floor. kitchen table. room", "tags": "carpet. chair. table. dinning table. floor. kitchen table", "mask": [{"value": 0, "label": "background"}, {"value": 1, "labels": {"floor": 0.6651345491409302}, "box": [1.5601806640625, 160.9652557373047, 638.3558959960938, 478.2095947265625]}, {"value": 2, "labels": {"kitchen table": 0.6229996681213379}, "box": [320.78533935546875, 11.9324951171875, 637.4910888671875, 327.6716613769531]}, {"value": 3, "labels": {"chair": 0.6203057765960693}, "box": [194.11912536621094, 4.1167144775390625, 377.01171875, 272.45660400390625]}]}