{"raw_tags": "carpet. chair. corner. infant bed. table. dinning table. floor. kitchen table. room. stool", "tags": "carpet. chair. infant bed. table. dinning table. floor. kitchen table", "mask": [{"value": 0, "label": "background"}, {"value": 1, "labels": {"chair": 0.6387261152267456}, "box": [307.0314636230469, 3.781005859375, 470.93756103515625, 252.80709838867188]}, {"value": 2, "labels": {"floor": 0.5815195441246033}, "box": [29.661712646484375, 141.3025665283203, 638.1187744140625, 477.92877197265625]}, {"value": 3, "labels": {"chair": 0.5321329236030579}, "box": [431.8904724121094, 51.321746826171875, 637.0623779296875, 340.8371887207031]}]}