{"raw_tags": "basket. bin. blue. corner. crate. floor. laundry basket. room", "tags": "bin. floor", "mask": [{"value": 0, "label": "background"}, {"value": 1, "labels": {"floor": 0.686927855014801}, "box": [1.425048828125, 325.2740173339844, 638.7959594726562, 478.6259460449219]}, {"value": 2, "labels": {"bin": 0.5467653870582581}, "box": [250.42303466796875, 219.47332763671875, 449.90643310546875, 393.93798828125]}]}