{"raw_tags": "carpet. chair. corner. table. dinning table. floor. kitchen table. radiator. room. stool", "tags": "carpet. chair. table. dinning table. floor. kitchen table", "mask": [{"value": 0, "label": "background"}, {"value": 1, "labels": {"chair": 0.6347142457962036}, "box": [371.4223327636719, 3.8336105346679688, 535.5556640625, 234.89520263671875]}, {"value": 2, "labels": {"floor": 0.4138965606689453}, "box": [121.69583129882812, 122.99400329589844, 638.7215576171875, 477.564208984375]}, {"value": 3, "labels": {"chair": 0.37466728687286377}, "box": [491.238037109375, 39.23268127441406, 637.6737060546875, 279.87445068359375]}]}