{"raw_tags": "appliance. cabinet. cabinetry. closet. dish washer. drawer. fridge. home appliance. kitchen. kitchen cabinet. white", "tags": "cabinet. closet. fridge", "mask": [{"value": 0, "label": "background"}, {"value": 1, "labels": {"fridge": 0.754015326499939}, "box": [297.52484130859375, 272.8951110839844, 638.881103515625, 478.0574951171875]}, {"value": 2, "labels": {"cabinet": 0.4959908425807953, "closet": 0.40375950932502747}, "box": [296.95721435546875, 54.32719421386719, 517.0016479492188, 228.6133270263672]}, {"value": 3, "labels": {"cabinet": 0.33114099502563477, "closet": 0.37894508242607117}, "box": [33.240478515625, 9.295028686523438, 295.6375427246094, 218.37586975097656]}]}