{"raw_tags": "appliance. build. cabinet. closet. fridge. home appliance. kitchen. pantry. shelf. white", "tags": "cabinet. closet. fridge. shelf", "mask": [{"value": 0, "label": "background"}, {"value": 1, "labels": {"fridge": 0.602378785610199}, "box": [323.173095703125, 242.06021118164062, 639.0975341796875, 478.05914306640625]}, {"value": 2, "labels": {"cabinet": 0.5107616782188416, "shelf": 0.5092553496360779}, "box": [314.269775390625, 3.5369720458984375, 563.0960693359375, 196.90823364257812]}, {"value": 3, "labels": {"cabinet": 0.3537934422492981, "shelf": 0.35349616408348083}, "box": [1.2313976287841797, 0.9503173828125, 38.89662170410156, 340.6544189453125]}]}