{"raw_tags": "basket. bin. blue. bureau. cabinet. closet. container. corner. crate. drawer. file cabinet. floor. laundry basket. room. white", "tags": "bin. cabinet. closet. file cabinet. floor", "mask": [{"value": 0, "label": "background"}, {"value": 1, "labels": {"floor": 0.6257299184799194}, "box": [2.41455078125, 288.9243469238281, 638.6632080078125, 478.4080810546875]}, {"value": 2, "labels": {"file cabinet": 0.5164769887924194}, "box": [398.95635986328125, 18.442001342773438, 637.74658203125, 401.51654052734375]}, {"value": 3, "labels": {"bin": 0.4975165128707886}, "box": [112.62834930419922, 239.44326782226562, 301.5965270996094, 451.6321716308594]}]}