{"raw_tags": "bathroom sink. cabinet. counter top. drain. drawer. faucet. kitchen sink. sink. steel", "tags": "bathroom sink. cabinet. counter top. sink", "mask": [{"value": 0, "label": "background"}, {"value": 1, "labels": {"sink": 0.46607255935668945}, "box": [113.08189392089844, 167.11111450195312, 555.8603515625, 402.1195373535156]}, {"value": 2, "labels": {"counter top": 0.4259755611419678}, "box": [3.0594482421875, 85.69572448730469, 637.538330078125, 477.179443359375]}, {"value": 3, "labels": {"cabinet": 0.37652143836021423}, "box": [2.368682861328125, 349.5294189453125, 554.5982666015625, 478.04345703125]}]}