{"raw_tags": "bathroom cabinet. bureau. cabinet. closet. counter top. dish washer. drawer. faucet. kitchen. kitchen sink. sink. white", "tags": "cabinet. closet. counter top. sink", "mask": [{"value": 0, "label": "background"}, {"value": 1, "labels": {"sink": 0.7645708322525024}, "box": [374.61138916015625, 72.75863647460938, 636.9007568359375, 201.12347412109375]}, {"value": 2, "labels": {"cabinet": 0.4834563732147217}, "box": [166.55682373046875, 141.0001220703125, 638.1251831054688, 477.5859375]}, {"value": 3, "labels": {"cabinet": 0.4156167507171631, "closet": 0.2868729531764984}, "box": [174.44949340820312, 147.14373779296875, 344.4165344238281, 467.10406494140625]}]}