{"raw_tags": "appliance. cabinet. fridge. gas stove. home appliance. kitchen. oven. stove. white", "tags": "cabinet. fridge", "mask": [{"value": 0, "label": "background"}, {"value": 1, "labels": {"fridge": 0.7501155138015747}, "box": [372.7459716796875, 2.805755615234375, 639.3163452148438, 478.5965576171875]}, {"value": 2, "labels": {"cabinet": 0.4092332422733307}, "box": [1.2984848022460938, 262.1263122558594, 188.24484252929688, 479.2099609375]}, {"value": 3, "labels": {"cabinet": 0.35169488191604614}, "box": [393.8190612792969, 212.8091583251953, 454.5621643066406, 477.3067626953125]}]}