{"raw_tags": "appliance. cabinet. closet. counter top. dish washer. exhaust hood. floor. gas stove. home appliance. kitchen. oven. stove. white", "tags": "cabinet. closet. counter top. floor", "mask": [{"value": 0, "label": "background"}, {"value": 1, "labels": {"cabinet": 0.5421911478042603, "closet": 0.2786458730697632}, "box": [5.096649169921875, 3.0117721557617188, 339.1875305175781, 250.717529296875]}, {"value": 2, "labels": {"floor": 0.41495731472969055}, "box": [2.2974853515625, 131.65789794921875, 637.837890625, 477.1552734375]}, {"value": 3, "labels": {"cabinet": 0.3349114656448364, "closet": 0.3587076961994171}, "box": [331.348876953125, 2.2024154663085938, 627.5377197265625, 193.88601684570312]}]}