{"raw_tags": "appliance. cabinet. cabinetry. closet. dish washer. drawer. fridge. home appliance. kitchen. kitchen cabinet. oven. shelf. white", "tags": "cabinet. closet. fridge. shelf", "mask": [{"value": 0, "label": "background"}, {"value": 1, "labels": {"fridge": 0.651923656463623}, "box": [313.72509765625, 282.4200744628906, 638.9569091796875, 478.14324951171875]}, {"value": 2, "labels": {"cabinet": 0.4493268132209778, "closet": 0.2541268467903137, "shelf": 0.4470111131668091}, "box": [300.6169738769531, 58.92144012451172, 546.4619140625, 238.18560791015625]}]}