{"raw_tags": "basket. bathroom. bathroom cabinet. bin. blue. box. bureau. cabinet. cage. closet. container. corner. crate. drawer. floor. laundry basket. room. white", "tags": "bin. cabinet. closet. floor", "mask": [{"value": 0, "label": "background"}, {"value": 1, "labels": {"bin": 0.6646462678909302}, "box": [124.06792449951172, 281.7918701171875, 315.04638671875, 477.2541198730469]}, {"value": 2, "labels": {"floor": 0.49888667464256287}, "box": [54.1259765625, 332.08477783203125, 639.358642578125, 478.8166198730469]}, {"value": 3, "labels": {"cabinet": 0.3614231050014496, "closet": 0.39569562673568726}, "box": [416.02606201171875, 77.8443603515625, 638.2736206054688, 450.44683837890625]}]}