{"raw_tags": "appliance. fridge. gas stove. home appliance. kitchen. oven. stove. white", "tags": "fridge", "mask": [{"value": 0, "label": "background"}, {"value": 1, "labels": {"fridge": 0.5999239087104797}, "box": [302.48590087890625, 1.219879150390625, 638.5367431640625, 444.24505615234375]}, {"value": 2, "labels": {"fridge": 0.3944385349750519}, "box": [36.62078857421875, 149.55795288085938, 326.5539855957031, 455.5290222167969]}]}