{"raw_tags": "appliance. closet. corner. floor. fridge. home appliance. photo. stool. white", "tags": "closet. floor. fridge", "mask": [{"value": 0, "label": "background"}, {"value": 1, "labels": {"fridge": 0.5888264775276184}, "box": [2.8542633056640625, 3.28887939453125, 396.0574951171875, 477.197265625]}, {"value": 2, "labels": {"floor": 0.5196853280067444}, "box": [452.6256103515625, 306.91412353515625, 638.9949951171875, 478.80963134765625]}]}