{"raw_tags": "appliance. cabinet. closet. dish washer. exhaust hood. fridge. gas stove. home appliance. kitchen. oven. stove. white", "tags": "cabinet. closet. fridge", "mask": [{"value": 0, "label": "background"}, {"value": 1, "labels": {"fridge": 0.7298875451087952}, "box": [228.3834991455078, 73.44259643554688, 609.4136352539062, 477.7428283691406]}, {"value": 2, "labels": {"cabinet": 0.5199551582336426, "closet": 0.25852662324905396}, "box": [203.5128631591797, 3.271249771118164, 484.31787109375, 47.0291748046875]}]}