{"raw_tags": "appliance. cabinet. closet. dish washer. exhaust hood. fridge. gas stove. home appliance. kitchen. oven. stove. white", "tags": "cabinet. closet. fridge", "mask": [{"value": 0, "label": "background"}, {"value": 1, "labels": {"fridge": 0.7758957743644714}, "box": [358.77630615234375, 147.65512084960938, 638.677001953125, 477.9588317871094]}, {"value": 2, "labels": {"cabinet": 0.5031050443649292, "closet": 0.2772313058376312}, "box": [364.9326171875, 2.7129249572753906, 629.08056640625, 117.54649353027344]}, {"value": 3, "labels": {"cabinet": 0.45807233452796936, "closet": 0.3180350661277771}, "box": [1.2318191528320312, 0.7040328979492188, 89.97490692138672, 229.5159912109375]}]}