{"raw_tags": "appliance. cabinet. closet. exhaust hood. fridge. gas stove. home appliance. kitchen. oven. stove. white", "tags": "cabinet. closet. fridge", "mask": [{"value": 0, "label": "background"}, {"value": 1, "labels": {"fridge": 0.6350823640823364}, "box": [376.0528869628906, 4.9488372802734375, 638.8653564453125, 477.84014892578125]}, {"value": 2, "labels": {"cabinet": 0.4095921218395233}, "box": [1.2689666748046875, 1.3780517578125, 122.03678131103516, 138.1095733642578]}]}