{"raw_tags": "bathroom sink. cabinet. counter top. drain. drawer. faucet. kitchen sink. sink. steel", "tags": "bathroom sink. cabinet. counter top. sink", "mask": [{"value": 0, "label": "background"}, {"value": 1, "labels": {"sink": 0.4354414641857147}, "box": [109.32965087890625, 181.06968688964844, 532.90673828125, 393.00640869140625]}, {"value": 2, "labels": {"counter top": 0.4112219512462616}, "box": [3.111663818359375, 104.75425720214844, 637.7027587890625, 475.764404296875]}]}