{"raw_tags": "appliance. bin. cabinet. closet. dish washer. floor. fridge. home appliance. kitchen. oven. photo. sink. stool. white", "tags": "bin. cabinet. closet. floor. fridge. sink", "mask": [{"value": 0, "label": "background"}, {"value": 1, "labels": {"cabinet": 0.5318233370780945}, "box": [290.1278076171875, 3.2105636596679688, 539.3527221679688, 132.06869506835938]}, {"value": 2, "labels": {"fridge": 0.4634596109390259}, "box": [292.00189208984375, 2.5820159912109375, 639.129150390625, 477.93487548828125]}]}