{"raw_tags": "appliance. bathroom cabinet. cabinet. cabinetry. closet. counter top. dish washer. faucet. kitchen. kitchen cabinet. kitchen sink. oven. sink. white", "tags": "cabinet. closet. counter top. sink", "mask": [{"value": 0, "label": "background"}, {"value": 1, "labels": {"sink": 0.7983936071395874}, "box": [12.630485534667969, 414.1186218261719, 254.42025756835938, 478.57025146484375]}, {"value": 2, "labels": {"counter top": 0.40519750118255615}, "box": [1.91961669921875, 369.41552734375, 638.367919921875, 478.11785888671875]}, {"value": 3, "labels": {"cabinet": 0.3563411831855774, "closet": 0.2708841860294342}, "box": [409.6429443359375, 2.30133056640625, 636.7703857421875, 286.9851989746094]}]}