{"raw_tags": "appliance. cabinet. closet. counter top. dish washer. exhaust hood. gas stove. home appliance. kitchen. oven. silver. stove. white", "tags": "cabinet. closet. counter top", "mask": [{"value": 0, "label": "background"}, {"value": 1, "labels": {"cabinet": 0.5066143870353699}, "box": [2.2909088134765625, 2.8354415893554688, 421.218017578125, 103.17802429199219]}, {"value": 2, "labels": {"cabinet": 0.38167697191238403}, "box": [2.335235595703125, 307.73052978515625, 350.71380615234375, 478.19085693359375]}]}