{"raw_tags": "bathroom sink. cabinet. counter top. drain. drawer. faucet. kitchen sink. sink. steel", "tags": "bathroom sink. cabinet. counter top. sink", "mask": [{"value": 0, "label": "background"}, {"value": 1, "labels": {"sink": 0.4492616057395935}, "box": [107.07977294921875, 171.7408447265625, 542.7324829101562, 397.79473876953125]}, {"value": 2, "labels": {"counter top": 0.40605413913726807}, "box": [3.03802490234375, 92.87277221679688, 637.6602783203125, 477.0528259277344]}, {"value": 3, "labels": {"cabinet": 0.35207974910736084}, "box": [0.8546028137207031, 366.74273681640625, 103.12228393554688, 478.8097229003906]}]}