{"raw_tags": "appliance. bathroom cabinet. cabinet. cabinetry. closet. counter top. dish washer. faucet. kitchen. kitchen cabinet. kitchen sink. sink. white", "tags": "cabinet. closet. counter top. sink", "mask": [{"value": 0, "label": "background"}, {"value": 1, "labels": {"sink": 0.8414392471313477}, "box": [56.427032470703125, 394.07305908203125, 290.1826477050781, 477.1184387207031]}, {"value": 2, "labels": {"counter top": 0.45217105746269226}, "box": [2.113037109375, 322.2266540527344, 637.9479370117188, 478.16302490234375]}, {"value": 3, "labels": {"cabinet": 0.4406927824020386, "closet": 0.3074725568294525}, "box": [439.517822265625, 1.5491790771484375, 637.929931640625, 272.953857421875]}]}