{"raw_tags": "appliance. cabinet. closet. dish washer. fridge. home appliance. kitchen. oven. photo. shelf. white", "tags": "cabinet. closet. fridge. shelf", "mask": [{"value": 0, "label": "background"}, {"value": 1, "labels": {"fridge": 0.6116937398910522}, "box": [267.68798828125, 234.5882568359375, 624.9990234375, 477.89239501953125]}, {"value": 2, "labels": {"cabinet": 0.5001680254936218, "shelf": 0.49922218918800354}, "box": [262.6484069824219, 6.078407287597656, 487.2141418457031, 200.89630126953125]}, {"value": 3, "labels": {"cabinet": 0.3670053482055664, "shelf": 0.36610355973243713}, "box": [1.6238250732421875, 1.96697998046875, 263.90545654296875, 178.11328125]}]}