{"raw_tags": "basket. bin. blue. cage. carpet. corner. crate. floor. laundry basket. plastic. room", "tags": "bin. carpet. floor", "mask": [{"value": 0, "label": "background"}, {"value": 1, "labels": {"floor": 0.5856748223304749}, "box": [1.60406494140625, 191.5584259033203, 638.26904296875, 478.3360595703125]}, {"value": 2, "labels": {"bin": 0.46575790643692017}, "box": [412.7140197753906, 252.46304321289062, 636.4916381835938, 458.5942687988281]}]}