{"raw_tags": "bathroom sink. cabinet. counter top. drain. drawer. faucet. kitchen. kitchen sink. sink. steel. white", "tags": "bathroom sink. cabinet. counter top. sink", "mask": [{"value": 0, "label": "background"}, {"value": 1, "labels": {"bathroom sink": 0.500307559967041}, "box": [132.89190673828125, 140.46661376953125, 507.45770263671875, 340.9375]}, {"value": 2, "labels": {"cabinet": 0.4865682125091553}, "box": [1.991302490234375, 347.80999755859375, 638.17041015625, 478.1301574707031]}, {"value": 3, "labels": {"counter top": 0.46600520610809326}, "box": [5.01422119140625, 182.35824584960938, 636.9108276367188, 391.66363525390625]}]}