{"raw_tags": "carpet. chair. table. dinning table. floor. kitchen table. room", "tags": "carpet. chair. table. dinning table. floor. kitchen table", "mask": [{"value": 0, "label": "background"}, {"value": 1, "labels": {"floor": 0.6562769412994385}, "box": [1.59033203125, 157.7115936279297, 638.48583984375, 478.16851806640625]}, {"value": 2, "labels": {"kitchen table": 0.6373125314712524}, "box": [291.02978515625, 11.864303588867188, 636.554931640625, 336.53253173828125]}, {"value": 3, "labels": {"chair": 0.6111760139465332}, "box": [158.44447326660156, 4.4048614501953125, 348.3941650390625, 272.7420654296875]}]}