{"raw_tags": "carpet. chair. corner. table. dinning table. floor. kitchen table. radiator. room", "tags": "carpet. chair. table. dinning table. floor. kitchen table", "mask": [{"value": 0, "label": "background"}, {"value": 1, "labels": {"chair": 0.6537638902664185}, "box": [263.3365173339844, 3.882904052734375, 428.4916076660156, 247.55328369140625]}, {"value": 2, "labels": {"floor": 0.551697313785553}, "box": [1.630096435546875, 115.71617126464844, 638.474853515625, 478.5372314453125]}, {"value": 3, "labels": {"chair": 0.5470414161682129}, "box": [396.1153259277344, 34.60577392578125, 636.949951171875, 330.6601867675781]}]}