{"raw_tags": "carpet. chair. corner. table. dinning table. floor. gray. kitchen table. radiator. room. stool", "tags": "carpet. chair. table. dinning table. floor. kitchen table", "mask": [{"value": 0, "label": "background"}, {"value": 1, "labels": {"chair": 0.6226440072059631}, "box": [377.0069885253906, 3.8698806762695312, 553.002685546875, 242.49908447265625]}, {"value": 2, "labels": {"floor": 0.506324052810669}, "box": [91.487548828125, 126.47454833984375, 638.4718017578125, 477.7255859375]}, {"value": 3, "labels": {"table": 0.3098357617855072, "kitchen table": 0.4974493682384491}, "box": [480.56671142578125, 7.1905517578125, 638.4343872070312, 237.05369567871094]}]}