{"raw_tags": "appliance. cabinet. closet. dish washer. exhaust hood. fridge. gas stove. home appliance. kitchen. oven. stove. white", "tags": "cabinet. closet. fridge", "mask": [{"value": 0, "label": "background"}, {"value": 1, "labels": {"fridge": 0.7792860269546509}, "box": [310.17132568359375, 157.21438598632812, 638.6884765625, 477.9674987792969]}, {"value": 2, "labels": {"cabinet": 0.5285964012145996, "closet": 0.2676502764225006}, "box": [303.740966796875, 3.393951416015625, 560.528076171875, 118.2745361328125]}, {"value": 3, "labels": {"cabinet": 0.40426766872406006, "closet": 0.30123570561408997}, "box": [2.0549774169921875, 2.007659912109375, 305.3653564453125, 172.57733154296875]}]}