{"raw_tags": "appliance. cabinet. closet. counter top. dish washer. exhaust hood. gas stove. home appliance. kitchen. oven. stove. white", "tags": "cabinet. closet. counter top", "mask": [{"value": 0, "label": "background"}, {"value": 1, "labels": {"cabinet": 0.4174410104751587}, "box": [2.953125, 3.0165023803710938, 392.16253662109375, 132.1207275390625]}, {"value": 2, "labels": {"cabinet": 0.3571533262729645}, "box": [1.6434478759765625, 349.76611328125, 326.98388671875, 478.2389221191406]}]}