{"raw_tags": "appliance. cabinet. closet. dish washer. exhaust hood. fridge. gas stove. home appliance. kitchen. oven. stove. white", "tags": "cabinet. closet. fridge", "mask": [{"value": 0, "label": "background"}, {"value": 1, "labels": {"fridge": 0.6141719818115234}, "box": [313.022216796875, 197.36175537109375, 638.919189453125, 477.92401123046875]}, {"value": 2, "labels": {"cabinet": 0.5781692862510681, "closet": 0.32473665475845337}, "box": [304.507080078125, 3.2805633544921875, 555.515380859375, 155.06954956054688]}, {"value": 3, "labels": {"cabinet": 0.37260332703590393, "closet": 0.28026652336120605}, "box": [7.90185546875, 1.9854736328125, 307.4842529296875, 213.52313232421875]}]}