{"raw_tags": "appliance. cabinet. closet. dish washer. exhaust hood. fridge. gas stove. home appliance. kitchen. oven. stove. white", "tags": "cabinet. closet. fridge", "mask": [{"value": 0, "label": "background"}, {"value": 1, "labels": {"fridge": 0.8334172368049622}, "box": [318.7624816894531, 133.44302368164062, 638.3851318359375, 477.8904113769531]}, {"value": 2, "labels": {"cabinet": 0.5171098113059998}, "box": [317.73126220703125, 3.3712081909179688, 575.5433349609375, 95.94678497314453]}]}