{"raw_tags": "bureau. cabinet. closet. counter top. dish washer. drawer. faucet. kitchen. kitchen sink. shelf. shelve. sink. white", "tags": "cabinet. closet. counter top. shelf. sink", "mask": [{"value": 0, "label": "background"}, {"value": 1, "labels": {"sink": 0.7562331557273865}, "box": [255.93121337890625, 177.58489990234375, 494.26287841796875, 245.20997619628906]}, {"value": 2, "labels": {"counter top": 0.41681864857673645}, "box": [40.234649658203125, 169.37060546875, 638.1826171875, 279.11962890625]}]}