{"raw_tags": "appliance. closet. corner. floor. fridge. home appliance. room. stool. white", "tags": "closet. floor. fridge", "mask": [{"value": 0, "label": "background"}, {"value": 1, "labels": {"fridge": 0.619805097579956}, "box": [1.6315765380859375, 3.1324615478515625, 361.00445556640625, 476.98760986328125]}, {"value": 2, "labels": {"floor": 0.48466745018959045}, "box": [401.0350341796875, 215.29676818847656, 638.9825439453125, 478.56317138671875]}]}