{"raw_tags": "bathroom sink. cabinet. counter top. drain. drawer. faucet. kitchen sink. sink. steel. white", "tags": "bathroom sink. cabinet. counter top. sink", "mask": [{"value": 0, "label": "background"}, {"value": 1, "labels": {"counter top": 0.5006862878799438}, "box": [3.192596435546875, 79.69216918945312, 637.500732421875, 476.9693298339844]}, {"value": 2, "labels": {"sink": 0.4635043442249298}, "box": [140.40919494628906, 162.9173126220703, 581.8343505859375, 399.28375244140625]}, {"value": 3, "labels": {"cabinet": 0.4440584182739258}, "box": [2.30328369140625, 325.5497131347656, 585.9884643554688, 477.8658447265625]}]}