{"raw_tags": "basket. bin. blue. bureau. cabinet. closet. container. corner. crate. drawer. floor. laundry basket. room. white", "tags": "bin. cabinet. closet. floor", "mask": [{"value": 0, "label": "background"}, {"value": 1, "labels": {"bin": 0.5058145523071289}, "box": [217.61395263671875, 294.34283447265625, 414.74847412109375, 477.162841796875]}, {"value": 2, "labels": {"cabinet": 0.3949998915195465, "closet": 0.29321134090423584}, "box": [537.2529296875, 89.891357421875, 638.59130859375, 444.0460205078125]}]}