{"raw_tags": "basket. bin. blue. container. corner. crate. floor. laundry basket. plastic. room. white", "tags": "bin. floor", "mask": [{"value": 0, "label": "background"}, {"value": 1, "labels": {"bin": 0.6327942609786987}, "box": [227.70111083984375, 243.7351531982422, 429.69012451171875, 429.4462890625]}, {"value": 2, "labels": {"floor": 0.5561911463737488}, "box": [1.033599853515625, 351.7933349609375, 638.811279296875, 478.7476501464844]}]}