{"raw_tags": "carpet. chair. corner. table. dinning table. floor. kitchen table. room. stool", "tags": "carpet. chair. table. dinning table. floor. kitchen table", "mask": [{"value": 0, "label": "background"}, {"value": 1, "labels": {"chair": 0.617102324962616}, "box": [277.61151123046875, 3.845672607421875, 440.3731384277344, 249.57315063476562]}, {"value": 2, "labels": {"floor": 0.5846263766288757}, "box": [2.477630615234375, 137.1935577392578, 638.62158203125, 478.0574951171875]}, {"value": 3, "labels": {"chair": 0.5145798921585083}, "box": [405.6514892578125, 43.42279052734375, 637.337158203125, 335.0591125488281]}]}