{"raw_tags": "basket. bin. blue. cage. carpet. corner. crate. floor. laundry basket. room. stool", "tags": "bin. carpet. floor", "mask": [{"value": 0, "label": "background"}, {"value": 1, "labels": {"floor": 0.5850943922996521}, "box": [1.842559814453125, 185.1393280029297, 638.468017578125, 478.35174560546875]}, {"value": 2, "labels": {"bin": 0.5267356634140015}, "box": [479.86102294921875, 259.4151611328125, 637.3440551757812, 462.2500305175781]}, {"value": 3, "labels": {"carpet": 0.4827890694141388}, "box": [2.98089599609375, 2.838287353515625, 253.22412109375, 327.5730895996094]}]}