{"raw_tags": "appliance. cabinet. closet. dish washer. exhaust hood. fridge. gas stove. home appliance. kitchen. oven. stove. white", "tags": "cabinet. closet. fridge", "mask": [{"value": 0, "label": "background"}, {"value": 1, "labels": {"fridge": 0.700065553188324}, "box": [317.1089782714844, 105.57594299316406, 638.551513671875, 478.11334228515625]}, {"value": 2, "labels": {"cabinet": 0.49605444073677063, "closet": 0.2609851658344269}, "box": [320.9958801269531, 2.9924964904785156, 579.497802734375, 88.73863220214844]}, {"value": 3, "labels": {"cabinet": 0.3565676510334015, "closet": 0.27617740631103516}, "box": [15.280059814453125, 3.3889694213867188, 323.8167724609375, 125.80326080322266]}]}