{"raw_tags": "basket. bin. blue. wall. cage. container. corner. crate. floor. laundry basket. plastic. room. white", "tags": "bin. wall. floor", "mask": [{"value": 0, "label": "background"}, {"value": 1, "labels": {"floor": 0.4917500615119934}, "box": [1.569061279296875, 273.2532958984375, 637.9456787109375, 478.1377868652344]}, {"value": 2, "labels": {"bin": 0.40541237592697144}, "box": [344.2673645019531, 233.53994750976562, 566.010986328125, 419.55828857421875]}]}