{"raw_tags": "appliance. cabinet. exhaust hood. fridge. gas stove. home appliance. kitchen. knob. oven. stove. white", "tags": "cabinet. fridge", "mask": [{"value": 0, "label": "background"}, {"value": 1, "labels": {"fridge": 0.6332465410232544}, "box": [390.87188720703125, 2.1798248291015625, 639.2216186523438, 478.7396240234375]}, {"value": 2, "labels": {"cabinet": 0.36888387799263}, "box": [1.0257568359375, 302.98370361328125, 146.97288513183594, 479.2585144042969]}]}