{"raw_tags": "basket. bin. blue. cage. carpet. corner. crate. floor. laundry basket. electric outlet. room", "tags": "bin. carpet. floor", "mask": [{"value": 0, "label": "background"}, {"value": 1, "labels": {"floor": 0.5896387100219727}, "box": [1.641387939453125, 226.20420837402344, 580.1217041015625, 477.98602294921875]}, {"value": 2, "labels": {"bin": 0.38192278146743774}, "box": [383.8565368652344, 239.62913513183594, 613.5407104492188, 440.54925537109375]}]}