{"raw_tags": "bureau. cabinet. closet. counter top. dish washer. drawer. faucet. kitchen. kitchen counter. kitchen sink. shelf. sink. white", "tags": "cabinet. closet. counter top. kitchen counter. shelf. sink", "mask": [{"value": 0, "label": "background"}, {"value": 1, "labels": {"sink": 0.821355402469635}, "box": [250.0508270263672, 182.17779541015625, 490.47479248046875, 254.57615661621094]}, {"value": 2, "labels": {"counter top": 0.4328621029853821}, "box": [27.931640625, 150.34088134765625, 637.6527099609375, 295.5277099609375]}]}