{"raw_tags": "appliance. cabinet. closet. exhaust hood. fridge. gas stove. home appliance. kitchen. oven. stove. white", "tags": "cabinet. closet. fridge", "mask": [{"value": 0, "label": "background"}, {"value": 1, "labels": {"fridge": 0.6955103874206543}, "box": [340.40625, 63.577178955078125, 638.6795654296875, 478.3286437988281]}, {"value": 2, "labels": {"cabinet": 0.44120028614997864, "closet": 0.3240463137626648}, "box": [1.6229991912841797, 0.7336349487304688, 52.060089111328125, 156.29119873046875]}]}