{"raw_tags": "basket. bin. blue. cage. carpet. corner. crate. floor. laundry basket. room", "tags": "bin. carpet. floor", "mask": [{"value": 0, "label": "background"}, {"value": 1, "labels": {"floor": 0.6118202805519104}, "box": [1.9560546875, 200.1117401123047, 638.2822265625, 478.2340087890625]}, {"value": 2, "labels": {"bin": 0.5346317291259766}, "box": [441.3341979980469, 255.32611083984375, 637.1939086914062, 462.9803466796875]}, {"value": 3, "labels": {"carpet": 0.38337230682373047}, "box": [1.5375900268554688, 1.10400390625, 186.92807006835938, 348.3625183105469]}]}