{"raw_tags": "carpet. chair. corner. table. dinning table. floor. radiator. room. stool", "tags": "carpet. chair. table. dinning table. floor", "mask": [{"value": 0, "label": "background"}, {"value": 1, "labels": {"chair": 0.671022891998291}, "box": [375.2418212890625, 3.7617874145507812, 543.0640869140625, 240.30184936523438]}, {"value": 2, "labels": {"table": 0.5464122891426086}, "box": [480.9664306640625, 9.516891479492188, 638.9935302734375, 230.52207946777344]}, {"value": 3, "labels": {"floor": 0.49858903884887695}, "box": [112.21978759765625, 134.0423126220703, 638.9984741210938, 477.90423583984375]}]}