{"raw_tags": "basket. bin. blue. cage. carpet. corner. crate. floor. laundry basket. electric outlet. room", "tags": "bin. carpet. floor", "mask": [{"value": 0, "label": "background"}, {"value": 1, "labels": {"floor": 0.6129811406135559}, "box": [1.808258056640625, 234.71331787109375, 568.4251708984375, 478.4366455078125]}, {"value": 2, "labels": {"bin": 0.3729251027107239}, "box": [373.156005859375, 238.47991943359375, 596.8043823242188, 432.176025390625]}]}