{"raw_tags": "bathroom. bathroom cabinet. bin. blue. bureau. cabinet. closet. container. corner. drawer. floor. room. white", "tags": "bin. cabinet. closet. floor", "mask": [{"value": 0, "label": "background"}, {"value": 1, "labels": {"bin": 0.6449528932571411}, "box": [134.85357666015625, 375.4819030761719, 321.21490478515625, 477.9849853515625]}, {"value": 2, "labels": {"floor": 0.49494925141334534}, "box": [383.086181640625, 426.41717529296875, 517.7384033203125, 477.6701965332031]}, {"value": 3, "labels": {"cabinet": 0.4213006794452667, "closet": 0.3292776048183441}, "box": [425.622802734375, 183.95321655273438, 635.5130615234375, 477.8309020996094]}]}