{"raw_tags": "cabinet. closet. counter top. dish washer. drawer. faucet. kitchen. kitchen sink. shelf. sink. white", "tags": "cabinet. closet. counter top. shelf. sink", "mask": [{"value": 0, "label": "background"}, {"value": 1, "labels": {"sink": 0.785485565662384}, "box": [266.2174377441406, 181.7418670654297, 505.56329345703125, 246.58648681640625]}, {"value": 2, "labels": {"counter top": 0.4106690287590027}, "box": [51.159210205078125, 133.76992797851562, 638.080810546875, 272.1292724609375]}, {"value": 3, "labels": {"cabinet": 0.3793775141239166, "shelf": 0.37921392917633057}, "box": [82.96481323242188, 284.1815185546875, 275.3559875488281, 477.1678466796875]}]}