{"raw_tags": "appliance. cabinet. closet. dish washer. drawer. fridge. home appliance. kitchen. kitchen cabinet. oven. shelf. white", "tags": "cabinet. closet. fridge. shelf", "mask": [{"value": 0, "label": "background"}, {"value": 1, "labels": {"fridge": 0.5836947560310364}, "box": [311.25103759765625, 233.70172119140625, 638.95166015625, 478.13763427734375]}, {"value": 2, "labels": {"cabinet": 0.506685197353363, "shelf": 0.5053271055221558}, "box": [296.8718566894531, 5.4149017333984375, 544.7713623046875, 197.7536163330078]}, {"value": 3, "labels": {"cabinet": 0.35461685061454773, "shelf": 0.3537597358226776}, "box": [18.718948364257812, 2.098388671875, 302.3446044921875, 271.369384765625]}]}