{"raw_tags": "appliance. cabinet. closet. dish washer. exhaust hood. fridge. gas stove. home appliance. kitchen. oven. stove. white", "tags": "cabinet. closet. fridge", "mask": [{"value": 0, "label": "background"}, {"value": 1, "labels": {"fridge": 0.7018800973892212}, "box": [242.14662170410156, 72.84326171875, 633.1436157226562, 477.953125]}, {"value": 2, "labels": {"cabinet": 0.4519861340522766, "closet": 0.2571829557418823}, "box": [225.26792907714844, 3.672679901123047, 496.6558837890625, 51.37979507446289]}]}