{"raw_tags": "basket. bin. blue. cage. container. corner. crate. floor. laundry basket. room", "tags": "bin. floor", "mask": [{"value": 0, "label": "background"}, {"value": 1, "labels": {"floor": 0.6835536956787109}, "box": [1.345916748046875, 293.0564880371094, 638.9764404296875, 478.60382080078125]}, {"value": 2, "labels": {"bin": 0.37072041630744934}, "box": [302.2258605957031, 221.8934326171875, 518.4320678710938, 397.61248779296875]}]}