{"raw_tags": "appliance. cabinet. closet. dish washer. exhaust hood. fridge. gas stove. home appliance. kitchen. oven. photo. stove. white", "tags": "cabinet. closet. fridge", "mask": [{"value": 0, "label": "background"}, {"value": 1, "labels": {"fridge": 0.8429129123687744}, "box": [224.46829223632812, 163.05191040039062, 573.682861328125, 477.5061950683594]}, {"value": 2, "labels": {"cabinet": 0.581993579864502, "closet": 0.3125780522823334}, "box": [218.61627197265625, 3.5330886840820312, 444.72222900390625, 128.96694946289062]}, {"value": 3, "labels": {"cabinet": 0.4114673435688019, "closet": 0.30336275696754456}, "box": [2.0672988891601562, 2.4769210815429688, 221.99359130859375, 176.8363037109375]}]}