{"raw_tags": "basket. bin. blue. cage. carpet. corner. corridor. crate. floor. laundry basket. room", "tags": "bin. carpet. floor", "mask": [{"value": 0, "label": "background"}, {"value": 1, "labels": {"bin": 0.575881838798523}, "box": [474.0003662109375, 267.14569091796875, 637.4898681640625, 475.8609313964844]}, {"value": 2, "labels": {"floor": 0.5755234956741333}, "box": [1.8214111328125, 205.67886352539062, 637.5191040039062, 478.2427673339844]}, {"value": 3, "labels": {"carpet": 0.482384592294693}, "box": [2.6951141357421875, 1.4482879638671875, 228.0620574951172, 367.225341796875]}]}