{"raw_tags": "carpet. chair. corner. table. dinning table. floor. kitchen table. radiator. room. stool", "tags": "carpet. chair. table. dinning table. floor. kitchen table", "mask": [{"value": 0, "label": "background"}, {"value": 1, "labels": {"chair": 0.6535893082618713}, "box": [386.64501953125, 3.635498046875, 549.9403686523438, 227.84201049804688]}, {"value": 2, "labels": {"chair": 0.5071718096733093}, "box": [507.8250427246094, 32.087608337402344, 637.623779296875, 271.567138671875]}, {"value": 3, "labels": {"floor": 0.3693026006221771}, "box": [145.91465759277344, 120.02365112304688, 638.7320556640625, 477.3941955566406]}]}