{"raw_tags": "appliance. cabinet. closet. dish washer. exhaust hood. fridge. gas stove. home appliance. kitchen. oven. stove. white", "tags": "cabinet. closet. fridge", "mask": [{"value": 0, "label": "background"}, {"value": 1, "labels": {"fridge": 0.7329658269882202}, "box": [274.219970703125, 83.49250793457031, 638.725830078125, 478.03936767578125]}, {"value": 2, "labels": {"cabinet": 0.4585927426815033, "closet": 0.2773136794567108}, "box": [275.06561279296875, 3.4784297943115234, 532.3587646484375, 66.41868591308594]}]}