{"raw_tags": "appliance. cabinet. closet. counter top. dish washer. exhaust hood. faucet. gas stove. home appliance. kitchen. kitchen counter. kitchen sink. oven. sink. stove. white", "tags": "cabinet. closet. counter top. kitchen counter. sink", "mask": [{"value": 0, "label": "background"}, {"value": 1, "labels": {"sink": 0.890954852104187}, "box": [5.0164947509765625, 222.1916961669922, 221.1112518310547, 316.58538818359375]}, {"value": 2, "labels": {"cabinet": 0.3795488774776459}, "box": [2.278778076171875, 2.4732093811035156, 613.7479248046875, 89.58834838867188]}, {"value": 3, "labels": {"cabinet": 0.36007413268089294}, "box": [374.22833251953125, 256.3542785644531, 495.5021667480469, 477.4755859375]}]}