{"raw_tags": "appliance. cabinet. closet. dish washer. exhaust hood. fridge. gas stove. home appliance. kitchen. oven. stove. white", "tags": "cabinet. closet. fridge", "mask": [{"value": 0, "label": "background"}, {"value": 1, "labels": {"fridge": 0.47832414507865906}, "box": [299.6250305175781, 68.66676330566406, 638.724853515625, 477.83135986328125]}, {"value": 2, "labels": {"cabinet": 0.394231915473938}, "box": [284.9991760253906, 3.463542938232422, 544.02880859375, 54.68572998046875]}]}