{"raw_tags": "appliance. cabinet. closet. dish washer. fridge. gas stove. home appliance. kitchen. oven. photo. stove. white", "tags": "cabinet. closet. fridge", "mask": [{"value": 0, "label": "background"}, {"value": 1, "labels": {"fridge": 0.7857918739318848}, "box": [163.83944702148438, 102.2100830078125, 514.2132568359375, 477.314208984375]}, {"value": 2, "labels": {"cabinet": 0.5313699245452881, "closet": 0.25287801027297974}, "box": [155.39816284179688, 3.5232887268066406, 391.7546081542969, 72.86927795410156]}]}