{"raw_tags": "carpet. chair. corner. table. dinning table. floor. radiator. room. stool", "tags": "carpet. chair. table. dinning table. floor", "mask": [{"value": 0, "label": "background"}, {"value": 1, "labels": {"chair": 0.6653836965560913}, "box": [380.85760498046875, 3.8963623046875, 552.8546752929688, 253.013671875]}, {"value": 2, "labels": {"table": 0.5769122242927551}, "box": [486.2398681640625, 16.376312255859375, 638.559326171875, 241.54266357421875]}, {"value": 3, "labels": {"floor": 0.4858342707157135}, "box": [106.79608154296875, 134.87779235839844, 638.9946899414062, 478.07275390625]}]}