{"raw_tags": "appliance. build. cabinet. closet. dish washer. drawer. fridge. home appliance. kitchen. kitchen cabinet. shelf. white", "tags": "cabinet. closet. fridge. shelf", "mask": [{"value": 0, "label": "background"}, {"value": 1, "labels": {"fridge": 0.7175477147102356}, "box": [317.61993408203125, 279.5086364746094, 638.8299560546875, 478.10284423828125]}, {"value": 2, "labels": {"cabinet": 0.5064665079116821, "shelf": 0.5044304728507996}, "box": [306.294677734375, 46.25872039794922, 551.6689453125, 233.26348876953125]}, {"value": 3, "labels": {"cabinet": 0.27834421396255493, "closet": 0.36514005064964294, "shelf": 0.2772301435470581}, "box": [29.852935791015625, 12.2757568359375, 309.5042419433594, 306.50714111328125]}]}