{"raw_tags": "cabinet. closet. counter top. dish washer. drawer. faucet. kitchen. kitchen sink. sink. steel. white", "tags": "cabinet. closet. counter top. sink", "mask": [{"value": 0, "label": "background"}, {"value": 1, "labels": {"sink": 0.7233899831771851}, "box": [252.91506958007812, 177.619384765625, 515.4873046875, 254.24656677246094]}, {"value": 2, "labels": {"counter top": 0.48674753308296204}, "box": [46.091522216796875, 174.5614013671875, 636.9739990234375, 283.3887939453125]}, {"value": 3, "labels": {"cabinet": 0.38107380270957947, "closet": 0.2620163857936859}, "box": [79.87075805664062, 282.79632568359375, 253.751708984375, 477.1960754394531]}]}