{"raw_tags": "carpet. chair. corner. table. doorway. floor. room. stool", "tags": "carpet. chair. table. floor", "mask": [{"value": 0, "label": "background"}, {"value": 1, "labels": {"carpet": 0.5728171467781067}, "box": [3.5156707763671875, 3.6261749267578125, 388.29620361328125, 366.9361572265625]}, {"value": 2, "labels": {"floor": 0.4858419895172119}, "box": [1.298980712890625, 212.24058532714844, 638.9014892578125, 478.7623291015625]}, {"value": 3, "labels": {"chair": 0.4751441776752472}, "box": [36.027923583984375, 2.2043533325195312, 206.91978454589844, 130.14959716796875]}]}