{"raw_tags": "appliance. closet. corner. floor. fridge. home appliance. photo. room. stool. white", "tags": "closet. floor. fridge", "mask": [{"value": 0, "label": "background"}, {"value": 1, "labels": {"floor": 0.6449989080429077}, "box": [436.4602966308594, 272.0304260253906, 639.0966796875, 478.8562927246094]}, {"value": 2, "labels": {"fridge": 0.5737118124961853}, "box": [1.445892333984375, 2.989349365234375, 378.6634216308594, 477.3179931640625]}]}