{"raw_tags": "appliance. cabinet. closet. fridge. gas stove. home appliance. kitchen. oven. stove. white", "tags": "cabinet. closet. fridge", "mask": [{"value": 0, "label": "background"}, {"value": 1, "labels": {"fridge": 0.5436368584632874}, "box": [400.6409912109375, 2.2832489013671875, 639.0704345703125, 478.37371826171875]}, {"value": 2, "labels": {"cabinet": 0.47594696283340454, "closet": 0.29261064529418945}, "box": [1.2166824340820312, 294.6127014160156, 158.51495361328125, 478.8542175292969]}]}