{"raw_tags": "appliance. cabinet. closet. dish washer. exhaust hood. fridge. gas stove. home appliance. kitchen. oven. photo. stove. white", "tags": "cabinet. closet. fridge", "mask": [{"value": 0, "label": "background"}, {"value": 1, "labels": {"fridge": 0.8173900246620178}, "box": [243.3394775390625, 198.18809509277344, 595.0323486328125, 477.58636474609375]}, {"value": 2, "labels": {"cabinet": 0.5915994644165039, "closet": 0.34159642457962036}, "box": [240.03280639648438, 3.6253585815429688, 464.143798828125, 162.6884765625]}, {"value": 3, "labels": {"cabinet": 0.42581719160079956, "closet": 0.3113130033016205}, "box": [1.9004592895507812, 2.2470932006835938, 241.52349853515625, 213.65896606445312]}]}