{"raw_tags": "bathroom sink. cabinet. counter top. drain. drawer. faucet. kitchen sink. sink. steel. white", "tags": "bathroom sink. cabinet. counter top. sink", "mask": [{"value": 0, "label": "background"}, {"value": 1, "labels": {"bathroom sink": 0.4801870882511139}, "box": [109.81755065917969, 138.59474182128906, 512.6569213867188, 368.2593994140625]}, {"value": 2, "labels": {"cabinet": 0.4389253556728363}, "box": [1.98907470703125, 351.7060852050781, 638.1781616210938, 477.966552734375]}, {"value": 3, "labels": {"counter top": 0.38437581062316895}, "box": [4.680206298828125, 172.2575225830078, 636.9619140625, 430.63385009765625]}]}