{"raw_tags": "carpet. chair. corner. table. dinning table. floor. kitchen table. radiator. room. stool", "tags": "carpet. chair. table. dinning table. floor. kitchen table", "mask": [{"value": 0, "label": "background"}, {"value": 1, "labels": {"chair": 0.6361004710197449}, "box": [244.818603515625, 3.9904327392578125, 415.567626953125, 254.9639434814453]}, {"value": 2, "labels": {"floor": 0.6355583071708679}, "box": [1.658416748046875, 134.8556365966797, 638.40087890625, 478.27044677734375]}, {"value": 3, "labels": {"chair": 0.5972073078155518}, "box": [386.7403564453125, 42.6273193359375, 636.614501953125, 340.2046813964844]}]}