{"raw_tags": "appliance. carpet. chair. closet. corner. doorway. floor. fridge. home appliance. kitchen. room. stool. white", "tags": "carpet. chair. closet. floor. fridge", "mask": [{"value": 0, "label": "background"}, {"value": 1, "labels": {"chair": 0.7488051652908325}, "box": [512.8076782226562, 31.22412109375, 637.0142822265625, 261.3082275390625]}, {"value": 2, "labels": {"fridge": 0.712217390537262}, "box": [1.63592529296875, 3.26568603515625, 297.90313720703125, 476.66766357421875]}, {"value": 3, "labels": {"carpet": 0.6192702054977417}, "box": [340.14019775390625, 161.31027221679688, 639.1279296875, 478.3296203613281]}]}