{"raw_tags": "carpet. chair. corner. table. dinning table. floor. kitchen table. radiator. room. stool", "tags": "carpet. chair. table. dinning table. floor. kitchen table", "mask": [{"value": 0, "label": "background"}, {"value": 1, "labels": {"chair": 0.6383143663406372}, "box": [367.19134521484375, 3.8743362426757812, 537.865234375, 240.44036865234375]}, {"value": 2, "labels": {"floor": 0.4856261909008026}, "box": [82.35443115234375, 128.11085510253906, 638.4050903320312, 477.77435302734375]}, {"value": 3, "labels": {"table": 0.3076936602592468, "kitchen table": 0.4436514973640442}, "box": [474.39459228515625, 3.2960586547851562, 638.7811889648438, 232.35409545898438]}]}