{"raw_tags": "basket. bin. blue. cage. container. corner. crate. floor. laundry basket. room", "tags": "bin. floor", "mask": [{"value": 0, "label": "background"}, {"value": 1, "labels": {"floor": 0.6757339239120483}, "box": [1.795166015625, 320.83868408203125, 638.78955078125, 478.6817626953125]}, {"value": 2, "labels": {"bin": 0.5703594088554382}, "box": [270.29815673828125, 216.46852111816406, 469.5931701660156, 387.7005615234375]}]}