{"raw_tags": "cabinet. cabinetry. closet. counter top. dish washer. drawer. faucet. kitchen. kitchen cabinet. kitchen counter. kitchen sink. sink. white", "tags": "cabinet. closet. counter top. kitchen counter. sink", "mask": [{"value": 0, "label": "background"}, {"value": 1, "labels": {"sink": 0.9041005969047546}, "box": [199.52606201171875, 319.5415344238281, 421.01361083984375, 396.66632080078125]}, {"value": 2, "labels": {"cabinet": 0.4327588677406311}, "box": [7.194305419921875, 2.454742431640625, 635.1380615234375, 205.47512817382812]}, {"value": 3, "labels": {"kitchen counter": 0.40498194098472595}, "box": [4.578399658203125, 263.2402038574219, 637.3704833984375, 474.87933349609375]}]}