{"raw_tags": "appliance. cabinet. closet. dish washer. exhaust hood. fridge. gas stove. home appliance. kitchen. oven. photo. stove. white", "tags": "cabinet. closet. fridge", "mask": [{"value": 0, "label": "background"}, {"value": 1, "labels": {"fridge": 0.5441993474960327}, "box": [353.03216552734375, 130.95570373535156, 638.4537353515625, 478.09625244140625]}, {"value": 2, "labels": {"cabinet": 0.4781038165092468}, "box": [356.56884765625, 2.9693145751953125, 590.6287841796875, 110.1407470703125]}, {"value": 3, "labels": {"cabinet": 0.444659948348999, "closet": 0.25275105237960815}, "box": [1.1213035583496094, 1.2947845458984375, 99.78927612304688, 222.03671264648438]}]}