{"raw_tags": "appliance. closet. corner. floor. fridge. home appliance. kitchen. oven. room. stool. stove. white", "tags": "closet. floor. fridge", "mask": [{"value": 0, "label": "background"}, {"value": 1, "labels": {"fridge": 0.6279147863388062}, "box": [1.274871826171875, 2.834075927734375, 375.5321960449219, 477.2228698730469]}, {"value": 2, "labels": {"floor": 0.47279730439186096}, "box": [418.05206298828125, 243.182861328125, 638.9171752929688, 478.74310302734375]}]}