{"raw_tags": "bathroom sink. bureau. cabinet. closet. counter top. dish washer. drawer. faucet. kitchen. kitchen counter. kitchen sink. sink. steel. white", "tags": "bathroom sink. cabinet. closet. counter top. kitchen counter. sink", "mask": [{"value": 0, "label": "background"}, {"value": 1, "labels": {"sink": 0.5505805015563965}, "box": [212.82391357421875, 177.2638702392578, 509.62054443359375, 278.247802734375]}, {"value": 2, "labels": {"cabinet": 0.5044169425964355}, "box": [5.413787841796875, 285.96527099609375, 636.993408203125, 477.54156494140625]}, {"value": 3, "labels": {"counter top": 0.3574153482913971}, "box": [5.809051513671875, 171.44976806640625, 636.654296875, 315.38433837890625]}]}