{"raw_tags": "appliance. cabinet. closet. dish washer. fridge. gas stove. home appliance. kitchen. oven. photo. stove. white", "tags": "cabinet. closet. fridge", "mask": [{"value": 0, "label": "background"}, {"value": 1, "labels": {"fridge": 0.8033338189125061}, "box": [188.57522583007812, 131.8453369140625, 540.279296875, 477.49835205078125]}, {"value": 2, "labels": {"cabinet": 0.4969589114189148, "closet": 0.27413517236709595}, "box": [183.2112274169922, 3.4379043579101562, 412.7353515625, 102.13435363769531]}]}