{"raw_tags": "bureau. cabinet. counter top. dish washer. drawer. faucet. kitchen. kitchen sink. sink. steel. white", "tags": "cabinet. counter top. sink", "mask": [{"value": 0, "label": "background"}, {"value": 1, "labels": {"sink": 0.8046273589134216}, "box": [252.229248046875, 137.42510986328125, 636.6585693359375, 330.6419677734375]}, {"value": 2, "labels": {"cabinet": 0.4417245090007782}, "box": [33.827880859375, 237.94741821289062, 639.064453125, 477.79986572265625]}, {"value": 3, "labels": {"cabinet": 0.36822509765625}, "box": [59.92341613769531, 247.21148681640625, 240.85923767089844, 477.4691162109375]}]}