{"raw_tags": "appliance. cabinet. closet. dish washer. fridge. gas stove. home appliance. kitchen. microwave. oven. photo. stove. white", "tags": "cabinet. closet. fridge", "mask": [{"value": 0, "label": "background"}, {"value": 1, "labels": {"fridge": 0.7382757663726807}, "box": [132.84532165527344, 74.9112548828125, 486.05914306640625, 477.32672119140625]}, {"value": 2, "labels": {"cabinet": 0.5083295106887817, "closet": 0.2620927691459656}, "box": [118.23332977294922, 3.690187454223633, 362.0503234863281, 51.398841857910156]}]}