{"raw_tags": "appliance. bathroom. toilet paper. bin. cabinet. closet. dish washer. fridge. home appliance. paper towel. shelf. white", "tags": "bin. cabinet. closet. fridge. shelf", "mask": [{"value": 0, "label": "background"}, {"value": 1, "labels": {"cabinet": 0.44962313771247864, "shelf": 0.44858866930007935}, "box": [322.1571044921875, 3.8052597045898438, 544.4056396484375, 183.10110473632812]}, {"value": 2, "labels": {"fridge": 0.38872411847114563}, "box": [318.942138671875, 214.77200317382812, 638.9497680664062, 477.8084411621094]}]}