{"raw_tags": "basket. bin. blue. wall. cage. corner. crate. floor. laundry basket. room. white", "tags": "bin. wall. floor", "mask": [{"value": 0, "label": "background"}, {"value": 1, "labels": {"floor": 0.7268289923667908}, "box": [1.62298583984375, 316.3922119140625, 638.7899780273438, 478.4576721191406]}, {"value": 2, "labels": {"wall": 0.6094218492507935}, "box": [1.65472412109375, 1.0814361572265625, 638.5879516601562, 418.40771484375]}, {"value": 3, "labels": {"bin": 0.4287329614162445}, "box": [288.74212646484375, 227.84475708007812, 496.74444580078125, 394.21002197265625]}]}