{"raw_tags": "bureau. cabinet. closet. counter top. dish washer. drawer. faucet. kitchen. kitchen counter. kitchen sink. shelf. sink. white", "tags": "cabinet. closet. counter top. kitchen counter. shelf. sink", "mask": [{"value": 0, "label": "background"}, {"value": 1, "labels": {"sink": 0.7565560936927795}, "box": [273.0845947265625, 181.42782592773438, 517.7653198242188, 248.59298706054688]}, {"value": 2, "labels": {"counter top": 0.4690663516521454}, "box": [82.09967041015625, 180.4864959716797, 636.7824096679688, 272.77044677734375]}, {"value": 3, "labels": {"cabinet": 0.37069472670555115, "shelf": 0.37009286880493164}, "box": [109.73542785644531, 285.40863037109375, 278.3892822265625, 476.2678527832031]}]}