{"raw_tags": "basket. bathroom. bin. blue. bureau. cabinet. closet. corner. crate. drawer. floor. laundry basket. laundry room. room. white", "tags": "bin. cabinet. closet. floor", "mask": [{"value": 0, "label": "background"}, {"value": 1, "labels": {"bin": 0.5591006278991699}, "box": [214.64402770996094, 319.80303955078125, 407.98590087890625, 477.53466796875]}, {"value": 2, "labels": {"cabinet": 0.45588773488998413, "closet": 0.2587854862213135}, "box": [519.8292846679688, 121.33303833007812, 638.42041015625, 445.6501770019531]}]}