{"raw_tags": "basket. bin. blue. cage. container. corner. crate. floor. laundry basket. room", "tags": "bin. floor", "mask": [{"value": 0, "label": "background"}, {"value": 1, "labels": {"floor": 0.6860049962997437}, "box": [1.742431640625, 312.74749755859375, 638.9658813476562, 478.66485595703125]}, {"value": 2, "labels": {"bin": 0.4907286763191223}, "box": [285.8192443847656, 213.81015014648438, 486.41461181640625, 380.8816833496094]}]}