{"raw_tags": "appliance. cabinet. closet. exhaust hood. fridge. gas stove. home appliance. kitchen. oven. stove. white", "tags": "cabinet. closet. fridge", "mask": [{"value": 0, "label": "background"}, {"value": 1, "labels": {"fridge": 0.5888890027999878}, "box": [345.0526123046875, 5.3537750244140625, 638.93701171875, 477.9449462890625]}, {"value": 2, "labels": {"cabinet": 0.4283357560634613, "closet": 0.30633214116096497}, "box": [1.6888809204101562, 0.741180419921875, 56.79059982299805, 116.99319458007812]}]}