{"raw_tags": "appliance. dish washer. floor. fridge. gas stove. home appliance. kitchen. oven. stove. white", "tags": "floor. fridge", "mask": [{"value": 0, "label": "background"}, {"value": 1, "labels": {"fridge": 0.7020975351333618}, "box": [247.787841796875, 2.0198974609375, 638.720703125, 472.4322204589844]}, {"value": 2, "labels": {"floor": 0.5336501002311707}, "box": [122.66079711914062, 390.32928466796875, 639.2630615234375, 478.32733154296875]}]}