{"raw_tags": "appliance. cabinet. closet. counter top. exhaust hood. gas stove. home appliance. kitchen. oven. silver. stove. white", "tags": "cabinet. closet. counter top", "mask": [{"value": 0, "label": "background"}, {"value": 1, "labels": {"cabinet": 0.4423500597476959}, "box": [1.853729248046875, 2.7598724365234375, 474.8578796386719, 61.1524772644043]}, {"value": 2, "labels": {"cabinet": 0.38836655020713806}, "box": [230.6084442138672, 264.62109375, 387.9261474609375, 477.34820556640625]}, {"value": 3, "labels": {"counter top": 0.3792273700237274}, "box": [4.7717742919921875, 170.2755126953125, 461.05438232421875, 351.2596435546875]}]}