{"raw_tags": "bathroom sink. cabinet. counter top. drain. drawer. faucet. kitchen. kitchen sink. sink. steel. white", "tags": "bathroom sink. cabinet. counter top. sink", "mask": [{"value": 0, "label": "background"}, {"value": 1, "labels": {"bathroom sink": 0.5140554308891296}, "box": [154.97119140625, 132.8600616455078, 505.20086669921875, 311.2208251953125]}, {"value": 2, "labels": {"cabinet": 0.5079588294029236}, "box": [2.1458740234375, 326.3348693847656, 638.0982055664062, 478.0817565917969]}, {"value": 3, "labels": {"counter top": 0.41510871052742004}, "box": [5.1766357421875, 177.34719848632812, 636.5140380859375, 352.7895202636719]}]}