{"raw_tags": "basket. bin. blue. cage. carpet. corner. crate. floor. laundry basket. room. stool", "tags": "bin. carpet. floor", "mask": [{"value": 0, "label": "background"}, {"value": 1, "labels": {"floor": 0.6094914078712463}, "box": [1.9979248046875, 178.8052520751953, 638.3985595703125, 478.3516845703125]}, {"value": 2, "labels": {"bin": 0.5517630577087402}, "box": [498.4855041503906, 260.9312744140625, 637.7547607421875, 464.1932067871094]}, {"value": 3, "labels": {"carpet": 0.4783230721950531}, "box": [2.490234375, 2.6063232421875, 273.7317810058594, 320.90472412109375]}]}