{"raw_tags": "carpet. chair. corner. table. floor. gray. radiator. room. stool", "tags": "carpet. chair. table. floor", "mask": [{"value": 0, "label": "background"}, {"value": 1, "labels": {"chair": 0.6915987730026245}, "box": [396.4418640136719, 3.58428955078125, 563.37109375, 215.5185089111328]}, {"value": 2, "labels": {"table": 0.6326434016227722}, "box": [502.5742492675781, 1.2318344116210938, 639.2998046875, 203.53012084960938]}, {"value": 3, "labels": {"carpet": 0.37222281098365784, "floor": 0.3839309513568878}, "box": [155.67457580566406, 101.432373046875, 639.1245727539062, 477.94366455078125]}]}