{"raw_tags": "carpet. chair. corner. table. dinning table. floor. kitchen table. room. stool", "tags": "carpet. chair. table. dinning table. floor. kitchen table", "mask": [{"value": 0, "label": "background"}, {"value": 1, "labels": {"chair": 0.6404280066490173}, "box": [350.86114501953125, 4.005424499511719, 519.1854248046875, 241.93728637695312]}, {"value": 2, "labels": {"chair": 0.5846688151359558}, "box": [469.31060791015625, 39.41194152832031, 638.040283203125, 333.85882568359375]}, {"value": 3, "labels": {"floor": 0.4619383215904236}, "box": [66.944580078125, 133.24891662597656, 638.38525390625, 477.9283447265625]}]}