{"raw_tags": "basket. bin. blue. cage. carpet. chair. corner. crate. floor. laundry basket. room. stool", "tags": "bin. carpet. chair. floor", "mask": [{"value": 0, "label": "background"}, {"value": 1, "labels": {"bin": 0.6877891421318054}, "box": [524.7333984375, 266.1637878417969, 638.73046875, 470.38330078125]}, {"value": 2, "labels": {"floor": 0.615572452545166}, "box": [1.69927978515625, 151.9288330078125, 638.8768920898438, 478.67266845703125]}, {"value": 3, "labels": {"carpet": 0.5647157430648804}, "box": [2.6833648681640625, 2.6878662109375, 294.4183349609375, 318.7865905761719]}]}